hardship,shocks0,shocks1
hardship4,0.0034346,0.0086045
hardship3,0.0669154,0.1310584
hardship2,0.0913113,0.1577005
hardship1,0.1687973,0.2707952